{
	"format_version": "1.8.0",
	"animations": {
		"idle": {
			"loop": true,
			"animation_length": 20,
			"bones": {
				"head": {
					"rotation": {
						"9.75": {
							"pre": {
								"vector": [0, 0, 0]
							},
							"post": {
								"vector": [0, 0, 0]
							},
							"lerp_mode": "catmullrom"
						},
						"10.75": {
							"post": {
								"vector": [0, 0, 7.5]
							},
							"lerp_mode": "catmullrom"
						},
						"12.7917": {
							"post": {
								"vector": [0, 0, 7.5]
							},
							"lerp_mode": "catmullrom"
						},
						"13.75": {
							"post": {
								"vector": [0, 0, 0]
							},
							"lerp_mode": "catmullrom"
						}
					}
				},
				"right_eyestalk_bone": {
					"rotation": {
						"10.0": {
							"pre": {
								"vector": [0, 0, 0]
							},
							"post": {
								"vector": [0, 0, 0]
							},
							"lerp_mode": "catmullrom"
						},
						"10.0417": [-0.06383, 0.50012, -0.21286],
						"10.0833": [-0.17458, 1.38708, -0.58223],
						"10.4583": [-1.47954, 11.61905, -4.9343],
						"10.625": [-2.05432, 15.66908, -6.85121],
						"10.6667": [-2.18208, 16.46113, -7.2773],
						"10.7083": [-2.29284, 17.07024, -7.64666],
						"10.75": {
							"vector": [-2.35666, 17.34551, -7.85952]
						},
						"10.7917": [-2.35666, 17.34551, -7.85952],
						"11.3333": [-2.35666, 17.34551, -7.85952],
						"11.875": [-2.35666, 17.34551, -7.85952],
						"12.0": {
							"vector": [-2.35666, 17.34551, -7.85952]
						},
						"12.0417": [-2.31324, 17.13641, -7.71472],
						"12.5833": [-1.26371, 9.68488, -4.21449],
						"13.125": [-0.18292, 1.41057, -0.61005],
						"13.2083": [-0.04342, 0.33227, -0.1448],
						"13.25": {
							"pre": {
								"vector": [0, 0, 0]
							},
							"post": {
								"vector": [0, 0, 0]
							},
							"lerp_mode": "catmullrom"
						}
					}
				},
				"left_eyestalk_bone": {
					"rotation": {
						"10.5": {
							"pre": {
								"vector": [0, 0, 0]
							},
							"post": {
								"vector": [0, 0, 0]
							},
							"lerp_mode": "catmullrom"
						},
						"10.5417": [0, -0.45506, 0.27304],
						"10.5833": [0, -1.36216, 0.81729],
						"10.625": [0, -2.4679, 1.48074],
						"10.8333": [0, -8.8193, 5.29158],
						"10.875": [0, -10.0321, 6.01926],
						"10.9167": [0, -11.13784, 6.68271],
						"10.9583": [0, -12.04494, 7.22696],
						"11.0": {
							"vector": [0, -12.5, 7.5]
						},
						"11.0417": [0, -12.5, 7.5],
						"11.5833": [0, -12.5, 7.5],
						"12.125": [0, -12.5, 7.5],
						"12.5": {
							"vector": [0, -12.5, 7.5]
						},
						"12.5417": [0, -12.2697, 7.36182],
						"13.0833": [0, -6.70284, 4.0217],
						"13.625": [0, -0.97025, 0.58215],
						"13.7083": [0, -0.2303, 0.13818],
						"13.75": {
							"pre": {
								"vector": [0, 0, 0]
							},
							"post": {
								"vector": [0, 0, 0]
							},
							"lerp_mode": "catmullrom"
						}
					}
				},
				"left_antenna_bone": {
					"rotation": {
						"16.0": {
							"pre": {
								"vector": [0, 0, 0]
							},
							"post": {
								"vector": [0, 0, 0]
							},
							"lerp_mode": "catmullrom"
						},
						"17.5": {
							"post": {
								"vector": [0, -20, 0]
							},
							"lerp_mode": "catmullrom"
						},
						"18.5": {
							"post": {
								"vector": [0, -20, 0]
							},
							"lerp_mode": "catmullrom"
						},
						"20.0": {
							"post": {
								"vector": [0, 0, 0]
							},
							"lerp_mode": "catmullrom"
						}
					}
				},
				"right_antenna_bone": {
					"rotation": {
						"2.5": {
							"pre": {
								"vector": [0, 0, 0]
							},
							"post": {
								"vector": [0, 0, 0]
							},
							"lerp_mode": "catmullrom"
						},
						"4.0": {
							"post": {
								"vector": [4.86955, -12.12664, -0.84075]
							},
							"lerp_mode": "catmullrom"
						},
						"5.0": {
							"post": {
								"vector": [4.87, -12.13, -0.84]
							},
							"lerp_mode": "catmullrom"
						},
						"7.0": {
							"post": {
								"vector": [0, 0, 0]
							},
							"lerp_mode": "catmullrom"
						}
					}
				}
			}
		}
	}
}